{
    "PiCamera": {
        "sensor_mode": 0,
        "width": 640,
        "height": 480,
        "raw_width": 2028,
        "raw_height": 1520,
        "framerate": 30.0,
        "auto_exposure": false,
        "exposure_time": 15.0,
        "analog_gain": 1.0,
        "digital_gain": 1.0,
        "auto_wb": true,
        "color_temperature": 5000,
        "color_gain": [
            1.0,
            1.0
        ],
        "focus": 1000,
        "buffer_size": 1,
        "flip": 0
    }
}