{
    "base_position": {
        "robot_position": {
            "x": 333.595,
            "y": -9.262,
            "z": -87.491,
            "r": -37.062
        },
        "image_position": {
            "x": 1296.0,
            "y": 1057.0,
            "z": 0.0,
            "r": 0.623
        }
    },
    "calibration_map": {
        "teaching_robot_position": {
            "x": 0.0,
            "y": 0.0,
            "z": 0.0,
            "r": 0.0
        },
        "teaching_image_position": {
            "x": 0.0,
            "y": 0.0,
            "z": 0.0,
            "r": 0.0
        },
        "image_position": [
            [
                2086.0,
                219.0
            ],
            [
                2068.0,
                1688.0
            ],
            [
                589.0,
                1685.0
            ],
            [
                591.0,
                221.0
            ]
        ],
        "robot_position": [
            [
                226.86,
                134.72
            ],
            [
                406.86,
                134.72
            ],
            [
                406.86,
                -45.28
            ],
            [
                226.86,
                -45.28
            ]
        ]
    },
    "matrix_data": {
        "matrix": [
            [
                -0.0555556,
                8.2611111,
                981.6664444
            ],
            [
                8.1472222,
                0.0027778,
                -1628.4030556
            ],
            [
                0.0,
                0.0,
                1.0
            ]
        ],
        "x_rmse": 4.0,
        "y_rmse": 1.25
    },
    "rotation_center": {
        "center": {
            "x": 0.0,
            "y": 0.0,
            "z": 0.0,
            "r": 0.0
        },
        "rmse": 0.0
    },
    "offset_vector": [
        0.0,
        0.0
    ],
    "data_detail_memo": "Openday_Vision-demo(2023/11/8)"
}