{
    "base_position": {
        "robot_position": {
            "x": 276.77,
            "y": -61.35,
            "z": -40.0,
            "r": -0.567
        },
        "image_position": {
            "x": 859.14,
            "y": 761.17,
            "z": 0.0,
            "r": -1.0
        }
    },
    "calibration_map": {
        "teaching_robot_position": {
            "x": 0.0,
            "y": 0.0,
            "z": 0.0,
            "r": 0.0
        },
        "teaching_image_position": {
            "x": 0.0,
            "y": 0.0,
            "z": 0.0,
            "r": 0.0
        },
        "image_position": [
            [
                434.0,
                389.0
            ],
            [
                430.5,
                1164.11
            ],
            [
                1141.86,
                1170.29
            ],
            [
                1143.0,
                396.0
            ]
        ],
        "robot_position": [
            [
                215.41,
                -60.95
            ],
            [
                340.41,
                -60.95
            ],
            [
                340.41,
                54.05
            ],
            [
                215.41,
                54.05
            ]
        ]
    },
    "matrix_data": {
        "matrix": [
            [
                -0.01856,
                6.1754783,
                813.8034096
            ],
            [
                6.1976,
                0.0573043,
                -942.327316
            ],
            [
                0.0,
                0.0,
                1.0
            ]
        ],
        "x_rmse": 0.59,
        "y_rmse": 0.205,
        "resol": 0.1616
    },
    "rotation_center": {
        "center": {
            "x": 0.0,
            "y": 0.0,
            "z": 0.0,
            "r": 0.0
        },
        "rmse": 0.0
    },
    "offset_vector": [
        0.0,
        0.0
    ],
    "data_detail_memo": "Oring_VAST"
}