{
    "filter": {
        "use_proc": false,
        "color_channel": "gray",
        "filter_list": []
    },
    "matching": {
        "template_area": [
            0,
            0,
            10,
            10
        ],
        "angle_range": [
            {
                "min_angle": -5.0,
                "max_angle": 5.0,
                "step": 1.0
            }
        ],
        "compression_ratio": 1.0,
        "use_mask": false,
        "use_pick": false,
        "use_chamfer": false,
        "mask_polygon": [],
        "pick_point": {
            "x": 0,
            "y": 0
        },
        "pick_point_conf": {
            "mode": "Points",
            "pick_point": {
                "x": 0,
                "y": 0
            },
            "points": [
                {
                    "x": 0,
                    "y": 0
                }
            ],
            "circles": [
                {
                    "x": 30,
                    "y": 30,
                    "r": 15
                }
            ]
        },
        "score_th": 0.0
    },
    "blob_detection": {
        "input_color": "gray",
        "binary_thresh": 0,
        "num_of_blob": 0,
        "min_blob_size": -1,
        "max_blob_size": -1,
        "circularity_thresh": -1.0,
        "negative": false
    },
    "circle_detection": {
        "circle": {
            "x": 30,
            "y": 30,
            "r": 15
        },
        "edge_type": "positive",
        "peak_position": "maximum",
        "num_point": 5,
        "search_width": 5,
        "search_length": 20,
        "enable_outlier_removal": false,
        "removal_rate": 95,
        "enable_subpixel": false
    },
    "color_detection": {
        "regions": [],
        "color_range": []
    },
    "line_detection": {
        "left": {
            "param": [],
            "roi": []
        },
        "right": {
            "param": [],
            "roi": []
        },
        "top": {
            "param": [],
            "roi": []
        },
        "bottom": {
            "param": [],
            "roi": []
        }
    },
    "tray_detection": {
        "corner_point": {
            "left_top": {
                "x": 0,
                "y": 0
            },
            "left_bottom": {
                "x": 0,
                "y": 0
            },
            "right_top": {
                "x": 0,
                "y": 0
            },
            "right_bottom": {
                "x": 0,
                "y": 0
            }
        },
        "grid_param": {
            "rows": 0,
            "columns": 0,
            "left_margin": 0,
            "right_margin": 0,
            "top_margin": 0,
            "bottom_margin": 0
        },
        "box_param": {
            "height": 0,
            "width": 0
        },
        "grid_points": []
    },
    "workpiece_count": {
        "count_conf": {
            "angle0": {
                "boxes": [],
                "score_thresh": 0.0,
                "iou_thresh": 0.0,
                "resize_scale": 0.0
            }
        },
        "template_area": [
            0,
            0,
            10,
            10
        ],
        "use_mask": false,
        "mask_polygon": []
    },
    "region_data": {
        "enable_search_area": false,
        "search_area": []
    },
    "custom_data": {
        "grid_point": []
    },
    "donut_data": {
        "circle": {
            "x": 30,
            "y": 30,
            "r": 15
        },
        "outside_len": 0,
        "min_radius": 0,
        "max_radius": 0
    },
    "preproc_data": {
        "use_proc": false,
        "color_channel": "gray",
        "filter_list": []
    },
    "template_matching": {
        "input_color": "gray",
        "template_area": [
            0,
            0,
            10,
            10
        ],
        "min_angle": -5.0,
        "max_angle": 5.0,
        "step": 1.0,
        "compression_ratio": 1.0,
        "use_mask": false,
        "mask_polygon": [],
        "score_th": 0.0
    },
    "filter2": {
        "use_proc": false,
        "color_channel": "gray",
        "filter_list": []
    },
    "matching2": {
        "template_area": [
            0,
            0,
            10,
            10
        ],
        "angle_range": [
            {
                "min_angle": -5.0,
                "max_angle": 5.0,
                "step": 1.0
            }
        ],
        "compression_ratio": 1.0,
        "use_mask": false,
        "use_pick": false,
        "use_chamfer": false,
        "mask_polygon": [],
        "pick_point": {
            "x": 0,
            "y": 0
        },
        "pick_point_conf": {
            "mode": "Points",
            "pick_point": {
                "x": 0,
                "y": 0
            },
            "points": [
                {
                    "x": 0,
                    "y": 0
                }
            ],
            "circles": [
                {
                    "x": 30,
                    "y": 30,
                    "r": 15
                }
            ]
        },
        "score_th": 0.0
    },
    "blob_detection2": {
        "input_color": "gray",
        "binary_thresh": 0,
        "num_of_blob": 0,
        "min_blob_size": -1,
        "max_blob_size": -1,
        "circularity_thresh": -1.0,
        "negative": false
    },
    "circle_detection2": {
        "circle": {
            "x": 30,
            "y": 30,
            "r": 15
        },
        "edge_type": "positive",
        "peak_position": "maximum",
        "num_point": 5,
        "search_width": 5,
        "search_length": 20,
        "enable_outlier_removal": false,
        "removal_rate": 95,
        "enable_subpixel": false
    },
    "filter3": {
        "use_proc": false,
        "color_channel": "gray",
        "filter_list": []
    },
    "matching3": {
        "template_area": [
            0,
            0,
            10,
            10
        ],
        "angle_range": [
            {
                "min_angle": -5.0,
                "max_angle": 5.0,
                "step": 1.0
            }
        ],
        "compression_ratio": 1.0,
        "use_mask": false,
        "use_pick": false,
        "use_chamfer": false,
        "mask_polygon": [],
        "pick_point": {
            "x": 0,
            "y": 0
        },
        "pick_point_conf": {
            "mode": "Points",
            "pick_point": {
                "x": 0,
                "y": 0
            },
            "points": [
                {
                    "x": 0,
                    "y": 0
                }
            ],
            "circles": [
                {
                    "x": 30,
                    "y": 30,
                    "r": 15
                }
            ]
        },
        "score_th": 0.0
    },
    "blob_detection3": {
        "input_color": "gray",
        "binary_thresh": 0,
        "num_of_blob": 0,
        "min_blob_size": -1,
        "max_blob_size": -1,
        "circularity_thresh": -1.0,
        "negative": false
    },
    "circle_detection3": {
        "circle": {
            "x": 30,
            "y": 30,
            "r": 15
        },
        "edge_type": "positive",
        "peak_position": "maximum",
        "num_point": 5,
        "search_width": 5,
        "search_length": 20,
        "enable_outlier_removal": false,
        "removal_rate": 95,
        "enable_subpixel": false
    },
    "value_list": []
}