{
    "image_save": {
        "original_ok_image": false,
        "processed_ok_image": false,
        "original_ng_image": false,
        "processed_ng_image": false,
        "original_data_format": "bmp",
        "processed_data_format": "jpg",
        "original_image_size": "full",
        "processed_image_size": "vga"
    },
    "security": {
        "password": "pass"
    },
    "network": {
        "ip": "192.168.0.100",
        "port": "10000"
    },
    "model_table": {
        "use_multi_model": false,
        "inspection_config": []
    },
    "correction_config": {
        "correction_method": "absolute"
    }
}