{
    "base_position": {
        "robot_position": {
            "x": 0.0,
            "y": 0.0,
            "z": 0.0,
            "r": 0.0
        },
        "image_position": {
            "x": 0.0,
            "y": 0.0,
            "z": 0.0,
            "r": 0.0
        }
    },
    "calibration_map": {
        "teaching_robot_position": {
            "x": 0.0,
            "y": 0.0,
            "z": 0.0,
            "r": 0.0
        },
        "teaching_image_position": {
            "x": 0.0,
            "y": 0.0,
            "z": 0.0,
            "r": 0.0
        },
        "image_position": [],
        "robot_position": []
    },
    "matrix_data": {
        "matrix": [
            [
                1.0,
                0.0,
                0.0
            ],
            [
                0.0,
                1.0,
                0.0
            ],
            [
                0.0,
                0.0,
                1.0
            ]
        ],
        "x_rmse": 0.0,
        "y_rmse": 0.0
    },
    "rotation_center": {
        "center": {
            "x": 0.0,
            "y": 0.0,
            "z": 0.0,
            "r": 0.0
        },
        "rmse": 0.0
    },
    "offset_vector": [
        0.0,
        0.0
    ],
    "data_detail_memo": ""
}