{
    "base_position": {
        "robot_position": {
            "x": 123.0,
            "y": 234.0,
            "z": 345.0,
            "r": 456.0
        },
        "image_position": {
            "x": 555.0,
            "y": 666.0,
            "z": 0.0,
            "r": 777.0
        }
    },
    "calibration_map": {
        "teaching_robot_position": {
            "x": 0.0,
            "y": 0.0,
            "z": 0.0,
            "r": 0.0
        },
        "teaching_image_position": {
            "x": 0.0,
            "y": 0.0,
            "z": 0.0,
            "r": 0.0
        },
        "image_position": [
            [
                100.0,
                100.0
            ],
            [
                100.0,
                220.0
            ],
            [
                200.0,
                200.0
            ],
            [
                200.0,
                100.0
            ]
        ],
        "robot_position": [
            [
                1001.0,
                1001.0
            ],
            [
                999.0,
                1999.0
            ],
            [
                1990.0,
                2002.0
            ],
            [
                2000.0,
                1000.0
            ]
        ]
    },
    "matrix_data": {
        "matrix": [
            [
                0.1005003,
                0.0006038,
                -1.4051955
            ],
            [
                -0.0101194,
                0.1099187,
                5.2207476
            ],
            [
                0.0,
                0.0,
                1.0
            ]
        ],
        "x_rmse": 0.2,
        "y_rmse": 5.13
    },
    "rotation_center": {
        "center": {
            "x": 0.0,
            "y": 0.0,
            "z": 0.0,
            "r": 0.0
        },
        "rmse": 0.0
    },
    "offset_vector": [
        1.234,
        -1.234
    ],
    "data_detail_memo": "Hello World"
}