{
    "base_position": {
        "robot_position": {
            "x": 292.05,
            "y": -37.09,
            "z": -64.19,
            "r": 0.0
        },
        "image_position": {
            "x": 1032.0,
            "y": 552.0,
            "z": 0.0,
            "r": 0.0
        }
    },
    "calibration_map": {
        "teaching_robot_position": {
            "x": 0.0,
            "y": 0.0,
            "z": 0.0,
            "r": 0.0
        },
        "teaching_image_position": {
            "x": 0.0,
            "y": 0.0,
            "z": 0.0,
            "r": 0.0
        },
        "image_position": [
            [
                1460.0,
                819.0
            ],
            [
                579.0,
                820.0
            ],
            [
                573.0,
                268.0
            ],
            [
                1454.0,
                264.0
            ]
        ],
        "robot_position": [
            [
                240.07,
                -190.96
            ],
            [
                240.07,
                -30.96
            ],
            [
                340.07,
                -30.96
            ],
            [
                340.07,
                -190.96
            ]
        ]
    },
    "matrix_data": {
        "matrix": [
            [
                -0.06,
                -5.50625,
                422.9307
            ],
            [
                -5.535,
                0.015625,
                2150.0212
            ],
            [
                0.0,
                0.0,
                1.0
            ]
        ],
        "x_rmse": 0.0,
        "y_rmse": 0.75,
        "resol": 0.1811
    },
    "rotation_center": {
        "center": {
            "x": 0.0,
            "y": 0.0,
            "z": 0.0,
            "r": 0.0
        },
        "rmse": 0.0
    },
    "offset_vector": [
        0.0,
        0.0
    ],
    "data_detail_memo": "Oring Picking Test (2023/11/16)"
}