{
    "image_save": {
        "original_ok_image": false,
        "processed_ok_image": false,
        "original_ng_image": false,
        "processed_ng_image": false,
        "original_data_format": "bmp",
        "processed_data_format": "jpg",
        "original_image_size": "full",
        "processed_image_size": "vga"
    },
    "security": {
        "password": "pass"
    },
    "network": {
        "ip": "192.168.0.100",
        "port": "10000"
    },
    "model_table": {
        "use_multi_model": true,
        "inspection_config": [
            {
                "p_number": 1,
                "c_number": 1,
                "m_number": 1,
                "modelname": "ball_place"
            },
            {
                "p_number": 1,
                "c_number": 2,
                "m_number": 1,
                "modelname": "ball_check"
            }
        ]
    },
    "correction_config": {
        "correction_method": "relative"
    },
    "vision_name": {
        "vision_name": "Facilea"
    }
}